{
  "project_info": {
    "project_number": "265235772413",
    "project_id": "trabalhofinalipharmacia",
    "storage_bucket": "trabalhofinalipharmacia.firebasestorage.app"
  },
  "client": [
    {
      "client_info": {
        "mobilesdk_app_id": "1:265235772413:android:b2b57efb534fb20aa45f94",
        "android_client_info": {
          "package_name": "com.vitormarcos.trabalhofinal"
        }
      },
      "oauth_client": [],
      "api_key": [
        {
          "current_key": "AIzaSyBXoBGZ22drdo-Z_JdFSWrCEwt5N1l1xm8"
        }
      ],
      "services": {
        "appinvite_service": {
          "other_platform_oauth_client": []
        }
      }
    }
  ],
  "configuration_version": "1"
}